"Status","Start Time","Stop Time","Duration in ms","Parent Suite","Suite","Sub Suite","Test Class","Test Method","Name","Description"
"passed","Sun Apr 11 11:28:31 CST 2021","Sun Apr 11 11:28:31 CST 2021","0","","test_fix1","","","","test_s1",""
"passed","Sun Apr 11 11:28:31 CST 2021","Sun Apr 11 11:28:31 CST 2021","0","","test_fixt","","","","test_one",""
"passed","Sun Apr 11 11:28:31 CST 2021","Sun Apr 11 11:28:31 CST 2021","0","","test_canshu1","","","","test_eval[7-5-0]",""
"broken","Sun Apr 11 11:28:31 CST 2021","Sun Apr 11 11:28:31 CST 2021","0","","test_skip","","","","test_mpdule_skip",""
"passed","Sun Apr 11 11:28:31 CST 2021","Sun Apr 11 11:28:31 CST 2021","0","","test_class","TestClass","","","test_three",""
"passed","Sun Apr 11 11:28:31 CST 2021","Sun Apr 11 11:28:31 CST 2021","0","","test_class","TestClass","","","test_one",""
"passed","Sun Apr 11 11:28:31 CST 2021","Sun Apr 11 11:28:31 CST 2021","0","","test_canshu1","","","","test_eval[8-5-1]",""
"passed","Sun Apr 11 11:28:31 CST 2021","Sun Apr 11 11:28:31 CST 2021","0","","test_expectation","","","","test_eval[3+5-8]",""
"passed","Sun Apr 11 11:28:31 CST 2021","Sun Apr 11 11:28:31 CST 2021","0","","test_fixture","","","","test_s3",""
"passed","Sun Apr 11 11:28:31 CST 2021","Sun Apr 11 11:28:31 CST 2021","0","","test_canshu1","","","","test_eval[7-3-0]",""
"passed","Sun Apr 11 11:28:31 CST 2021","Sun Apr 11 11:28:31 CST 2021","0","","test_fixt","","","","test_two",""
"failed","Sun Apr 11 11:28:31 CST 2021","Sun Apr 11 11:28:31 CST 2021","0","","test_class","TestClass","","","test_two",""
"failed","Sun Apr 11 11:28:31 CST 2021","Sun Apr 11 11:28:31 CST 2021","0","","test_sample","","","","test_answer",""
"broken","Sun Apr 11 11:28:31 CST 2021","Sun Apr 11 11:28:31 CST 2021","0","","test_fixture","","","","test_s1",""
"skipped","Sun Apr 11 11:28:31 CST 2021","Sun Apr 11 11:28:31 CST 2021","0","","test_skip","","","","test_the_unknown",""
"passed","Sun Apr 11 11:28:31 CST 2021","Sun Apr 11 11:28:31 CST 2021","0","","test_fixture","","","","test_s2",""
"passed","Sun Apr 11 11:28:31 CST 2021","Sun Apr 11 11:28:31 CST 2021","1","","test_skip","","","","test_function",""
"passed","Sun Apr 11 11:28:31 CST 2021","Sun Apr 11 11:28:31 CST 2021","0","","test_fix1","","","","test_s2",""
"passed","Sun Apr 11 11:28:31 CST 2021","Sun Apr 11 11:28:31 CST 2021","0","","test_canshu1","","","","test_eval[7-5-1]",""
"passed","Sun Apr 11 11:28:31 CST 2021","Sun Apr 11 11:28:31 CST 2021","0","","test_canshu1","","","","test_eval[8-3-0]",""
"passed","Sun Apr 11 11:28:31 CST 2021","Sun Apr 11 11:28:31 CST 2021","0","","test_expectation","","","","test_eval[2+4-6]",""
"skipped","Sun Apr 11 11:28:31 CST 2021","Sun Apr 11 11:28:31 CST 2021","1","","test_expectation","","","","test_eval[6 * 9-42]",""
"passed","Sun Apr 11 11:28:31 CST 2021","Sun Apr 11 11:28:31 CST 2021","0","","test_canshu1","","","","test_eval[7-3-1]",""
"passed","Sun Apr 11 11:28:31 CST 2021","Sun Apr 11 11:28:31 CST 2021","0","","test_canshu1","","","","test_eval[8-5-0]",""
"passed","Sun Apr 11 11:28:31 CST 2021","Sun Apr 11 11:28:31 CST 2021","0","","test_canshu1","","","","test_eval[8-3-1]",""
